,,,,,,
========== НЕДЕЛЯ 38 (14.09–20.09.2026) ==========,,,,,,
Период: П0 Переходный | Тип: Активное восстановление после ACHISHKHO 80 (9–15 дней после гонки),,,,,,
"Цели: восстановить ноги и нервную систему без потери привычки; разведать места для спусков (Ленинградский мост, Советский парк); вернуть регулярность",,,,,,
"Состав: 3 лёгких бега Z1 + 2 лёгких кроссфита (верх/кор/гребля) + вело как разминка/дорога. Без длительных, силовой на ноги, прыжков",,,,,,
"Объём бега: ~22–25 км | Набор/сброс: ~50 м (разведка) | Polar: статус «Восстановление после перетренированности», напряжение 14, выносливость 83 — бег строго ≤145 (12.09 был 150 при 6:00/км — быстро)",,,,,,
,,,,,,
День,Тип тренировки,Подтип / Цель,Время (мин),Примечание / Содержание,Зона ЧСС / Темп,Цель дня
пн 14.09,🛋️ Отдых,Восстановление,—,Полный отдых. Растяжка/ролл квадрицепсов 10–15 мин по желанию. Пульс покоя утром — записать (ориентир ≤58),—,Восстановление
вт 15.09,🏃 Лёгкий бег + 🧘 Мобилити/баланс,Возврат к бегу,55–65,"Бег 6–7 км по набережной очень легко (ЧСС ≤145, темп 6:50–7:20). Ходьба разрешена если пульс выше. После — мобилити бёдер/голеностопов + баланс на одной ноге 15 мин. Без силовой на ноги",Z1 (≤145),Кровоток + техника без нагрузки
ср 16.09,🏋️ Кроссфит лёгкий,Верх + кор + гребля (палки),50–60,"RPE 5. Разминка 10 → гребля 4×4 мин Z1–Z2 / ски-эрг → верх: подтягивания, отжимания, жим гантелей стоя, тяга блока (3 круга, не до отказа) → кор + баланс 10 мин. Без прыжков, без приседов с весом",Z1–Z2 (≤158),Верх и плечевой пояс для палок
чт 17.09,🛋️ Отдых,Восстановление,—,Полный отдых или прогулка 20–30 мин,—,Восстановление
пт 18.09,🏃 Лёгкий бег + 🔍 Разведка моста,Техника спуска шагом,55–65,"Бег 7–8 км Z1 через Ленинградский мост. На мосту: 2–3 прохода пандуса вверх шагом / вниз лёгкой трусцой — замерить перепад (высота по часам) и длину пандуса, покрытие, освещение. Каденс на спуске высокий, шаг короткий, не тормозить пятками",Z1 (≤145),Разведка + техника спуска
сб 19.09,🚴 Вело + 🏋️ Кроссфит лёгкий 2,Сила верх + кондиция + стопа,60–75,"Вело до зала/в парк 30–40 мин Z1 как разминка. Кроссфит RPE 5–6: EMOM 16 мин (ски-эрг / отжимания / кольца или тяга / планка) → верх сила 3×8 (жим, подтягивания) → стопа и баланс: одноногие подъёмы на носки, BOSU, «часы». Ноги — только бодивейт и без утомления",Z1–Z2 (≤158),Общая кондиция без нагрузки на квадрицепсы
вс 20.09,🥾🏃 Длительная прогулка-бег + 🔍 Разведка парка,Время на ногах Z1,75–90,"Советский парк (доехать на вело или добежать). 8–10 км в режиме бег/ходьба Z1. Разведка горки: длина, перепад одного круга (по часам), покрытие, безопасный спуск. 2–3 круга: вверх шагом с палками (если есть), вниз пешком/трусцой с контролем. Не гонка — знакомство",Z1 (≤145),Время на ногах + карта спусков на сезон
,,,,,,
